key_mlp,pearson_r_ap_vs_ct
11,0.08831617885611492
22,0.678435952577965
26,0.13372850179983675
27,0.9499020544393798
